1,user1@example.com,John,Doe,Smith,New York
2,user2@example.com,Jane,Smith,Johnson,Los Angeles
3,user3@example.com,Robert,Johnson,Williams,Chicago
4,user4@example.com,Alice,Williams,Smith,Houston
5,user5@example.com,Michael,Brown,Smith,Phoenix
6,user6@example.com,Emily,Jones,Johnson,Philadelphia
7,user7@example.com,William,Davis,Smith,San Antonio
8,user8@example.com,Emma,Miller,Williams,San Diego
9,user9@example.com,David,Garcia,Smith,City 17
10,user10@example.com,Sophia,Rodriguez,Johnson,San Jose
11,user11@example.com,Christopher,Martinez,Williams,Austin
12,user12@example.com,Mia,Hernandez,Smith,Jacksonville
13,user13@example.com,Joseph,Lopez,Johnson,San Francisco
14,user14@example.com,Abigail,Gonzalez,Williams,City 17
15,user15@example.com,Daniel,Wilson,Smith,Indianapolis
16,user16@example.com,Olivia,Anderson,Johnson,Seattle
17,user17@example.com,Andrew,Thomas,Williams,City 17
18,user18@example.com,Isabella,Taylor,Smith,Denver
19,user19@example.com,Matthew,Moore,Johnson,Washington
20,user20@example.com,Sofia,White,Williams,City 17
21,user21@example.com,Aiden,Hill,Smith,El Paso
22,user22@example.com,Amelia,Turner,Johnson,Detroit
23,user23@example.com,James,Perez,Williams,Nashville
24,user24@example.com,Ella,Kelly,Smith,Portland
25,user25@example.com,Liam,Cook,Johnson,Las Vegas
26,user26@example.com,Ava,Cooper,Williams,Louisville
27,user27@example.com,Logan,Bell,Smith,Milwaukee
28,user28@example.com,Harper,Morgan,Johnson,Albuquerque
29,user29@example.com,William,Brown,Williams,Tucson
30,user30@example.com,Aria,Carter,Smith,Fresno
31,user31@example.com,Ethan,Adams,Johnson,Sacramento
32,user32@example.com,Lily,Ward,Williams,Kansas City
33,user33@example.com,Alexander,Morris,Smith,Long Beach
34,user34@example.com,Grace,Ross,Johnson,Omaha
35,user35@example.com,Mason,Fisher,Williams,Raleigh
36,user36@example.com,Lucas,Mitchell,Smith,Miami
37,user37@example.com,Layla,Bailey,Johnson,Oakland
38,user38@example.com,Jack,Richardson,Williams,Minneapolis
39,user39@example.com,Chloe,Cox,Smith,Tulsa
40,user40@example.com,Caleb,Harrison,Johnson,Cleveland
41,user41@example.com,Emma,Wells,Williams,Wichita
42,user42@example.com,Isaac,Price,Smith,Arlington
43,user43@example.com,Sophie,Fox,Johnson,Tampa
44,user44@example.com,Christopher,Reed,Williams,New Orleans
45,user45@example.com,Eva,Flynn,Smith,Bakersfield
46,user46@example.com,Max,Roberts,Johnson,Honolulu
47,user47@example.com,Ava,Dean,Williams,Anaheim
48,user48@example.com,Benjamin,Crawford,Smith,Santa Ana
49,user49@example.com,Nova,Stone,Johnson,St. Louis
50,user50@example.com,Henry,Hudson,Williams,Riverside
51,user51@example.com,Audrey,Fleming,Smith,Corpus Christi
52,user52@example.com,Owen,Henderson,Johnson,Lexington
53,user53@example.com,Zoey,Gilbert,Williams,Stockton
54,user54@example.com,Carter,Walker,Smith,St. Paul
55,user55@example.com,Luna,Porter,Johnson,Cincinnati
56,user56@example.com,Jacob,Woods,Williams,Toledo
57,user57@example.com,Scarlett,Horton,Smith,Greensboro
58,user58@example.com,Aiden,Lucas,Johnson,Plano
59,user59@example.com,Amelia,Miles,Williams,Newark
60,user60@example.com,Elijah,Ferguson,Smith,Lincoln
61,user61@example.com,Avery,Webb,Johnson,Orlando
62,user62@example.com,Ellie,Hunt,Williams,Chula Vista
63,user63@example.com,Michaela,Barnes,Smith,Buffalo
64,user64@example.com,Grayson,Gibson,Johnson,Durham
65,user65@example.com,Hazel,Stone,Williams,St. Petersburg
66,user66@example.com,Jackson,Marshall,Smith,Laredo
67,user67@example.com,Lily,Coleman,Johnson,Madison
68,user68@example.com,Liam,Sherman,Williams,Lubbock
69,user69@example.com,Ava,Ryan,Smith,Garland
70,user70@example.com,Connor,Martin,Johnson,Glendale
71,user71@example.com,Abigail,Lynch,Williams,Hialeah
72,user72@example.com,Ethan,Warren,Smith,Reno
73,user73@example.com,Aria,Carr,Johnson,Gilbert
74,user74@example.com,Noah,Hodges,Williams,Amarillo
75,user75@example.com,Olivia,Beck,Smith,Grand Prairie
76,user76@example.com,Leo,Keller,Johnson,Brownsville
77,user77@example.com,Emily,Watts,Williams,Pasadena
78,user78@example.com,Logan,Hardy,Smith,Escondido
79,user79@example.com,Ava,Yates,Johnson,Savannah
80,user80@example.com,Nolan,Potter,Williams,Sunnyvale
81,user81@example.com,Sophia,Wheeler,Smith,Cary
82,user82@example.com,Cameron,Maxwell,Johnson,Fullerton
83,user83@example.com,Lily,Garrett,Williams,McAllen
84,user84@example.com,Ethan,Summers,Smith,Orange
85,user85@example.com,Aria,Sullivan,Johnson,Springfield
86,user86@example.com,Lucas,West,Williams,City 17
87,user87@example.com,Audrey,Atkinson,Smith,Columbia
88,user88@example.com,Jack,Francis,Johnson,Peoria
89,user89@example.com,Olivia,Lambert,Williams,Pomona
90,user90@example.com,William,Gordon,Smith,Westminster
91,user91@example.com,Sophie,Park,Johnson,North Las Vegas
92,user92@example.com,Evan,Clayton,Williams,Sterling Heights
93,user93@example.com,Ella,Lloyd,Smith,Inglewood
94,user94@example.com,Liam,Mackenzie,Johnson,Daly City
95,user95@example.com,Ava,Hudson,Williams,Boulder
96,user96@example.com,Noah,Fleming,Smith,Broken Arrow
97,user97@example.com,Luna,Frost,Johnson,West Jordan
98,user98@example.com,Caleb,Davenport,Williams,Roswell
99,user99@example.com,Sophia,Wade,Smith,Norwalk
100,user100@example.com,Aiden,Collins,Johnson,Jurupa Valley
